"weight","height","type"
"233.479920","23.514130","rat"
"231.324467","26.033830","rat"
"17.906954","6.846577","mouse"
"230.276523","24.077800","rat"
"20.360593","6.605983","mouse"